finger temperature = 33.5°C，no-light/covered condition, 
approximately 60 seconds. The first 5–10 seconds may be excluded from analysis because the signal was still stabilizing after finger placement.

time_ms, red, ir
305511,113676,114190
305618,119314,123732
305726,124253,134300
305833,126141,138973
305941,126851,140773
306049,127067,141548
306156,127281,142097
306264,127529,142621
306371,127282,142260
306479,127153,142154
306586,127380,142852
306694,127424,143067
306801,127533,143243
306909,127603,143440
307016,127676,143725
307124,127340,143099
307232,127098,142610
307339,127405,143229
307447,127539,143545
307555,127467,143412
307662,127622,143706
307770,127815,144159
307877,127479,143567
307985,126962,142582
308093,127211,143148
308200,127389,143559
308308,127197,143205
308415,127380,143547
308523,127565,143886
308630,127329,143386
308738,126931,142562
308845,126957,142759
308953,126761,142384
309061,126597,142058
309168,125792,140253
309276,121957,130805
309384,122292,130976
309491,124077,134503
309599,125242,137050
309707,124906,136929
309814,124422,136499
309922,124228,136679
310030,124117,136846
310137,123825,136631
310245,123383,136000
310352,123754,136894
310460,124086,137648
310567,124051,137913
310675,124114,138372
310783,124239,138875
310890,124099,138848
310998,123156,136965
311105,123386,137516
311213,123705,138230
311320,123877,138541
311428,124053,139030
311536,124307,139641
311643,124560,140304
311751,124567,140495
311859,123899,139130
311966,124366,140317
312074,124750,141240
312181,124268,139974
312289,124121,139748
312396,124442,140484
312504,124693,141067
312611,124447,140447
312719,123713,138825
312826,123791,138975
312934,123894,139281
313042,123709,138890
313149,123784,139111
313257,123975,139606
313364,124167,140128
313472,123711,139286
313580,123178,138242
313688,123478,139063
313795,123540,139318
313903,123602,139534
314010,123909,140327
314118,124249,141094
314326,124731,143141
314434,124432,142679
314542,123557,140649
314649,123570,140747
314757,124496,142945
314864,124475,143328
314972,124387,142995
315080,124501,143379
315187,124561,143736
315295,124454,143606
315403,123817,142304
315510,123830,142667
315617,124006,143253
315725,123907,143038
315833,123932,142939
315940,124123,143360
316048,124134,143437
316156,124060,143373
316263,123571,142169
316371,123805,142832
316478,123997,143274
316586,123925,142976
316693,123921,142884
316801,124011,143104
316909,124101,143240
317016,123768,142247
317124,123243,140936
317231,123720,142088
317339,123992,142743
317446,123882,142480
317554,124006,142791
317661,124167,143144
317769,124267,143366
317877,123751,142090
317985,123418,141309
318093,123926,142617
318200,124036,142925
318308,123906,142584
318416,124083,143057
318523,124221,143432
318631,124382,143880
318738,123846,142569
318846,123850,142638
318953,124265,143695
319061,124532,144307
319168,124644,144610
319276,124658,144703
319384,124687,144808
319491,124673,144795
319599,124023,143138
319706,124067,143252
319814,124383,144085
319921,124331,143952
320029,124249,143734
320137,124375,144083
320244,124451,144304
320352,124207,143669
320460,123438,141782
320567,123926,143032
320675,124215,143779
320783,124024,143298
320890,124156,143581
320998,124334,144106
321105,124355,144156
321213,123433,141919
321320,123460,141978
321428,123994,143296
321535,123925,143076
321643,123783,142703
321750,123842,142960
321858,123994,143363
321966,123443,141994
322073,122961,140877
322181,123479,142111
322289,123724,142735
322396,123574,142398
322504,123768,142911
322611,123958,143403
322719,123861,143120
322827,123437,141941
322934,123950,143247
323042,124127,143800
323149,123898,143192
323257,123878,143222
323364,124047,143613
323472,124235,144018
323580,123423,142103
323687,123286,141867
323795,123735,142887
324004,123290,142439
324111,123082,141909
324219,123088,141992
324326,123143,142252
324434,123188,142453
324542,122772,141377
324650,122195,139915
324757,122729,141173
324865,122997,141836
324972,122822,141354
325080,122996,141877
325187,123285,142670
325295,123383,142910
325403,122805,141303
325510,122521,140546
325618,123055,141890
325725,123146,142076
325833,122894,141548
325940,123113,142163
326048,123407,142944
326155,123503,143182
326263,122789,141378
326370,123038,142053
326478,123450,143156
326586,123399,142985
326694,123388,142960
326801,123532,143357
326909,123601,143577
327016,123463,143176
327124,122524,140853
327231,122851,141671
327339,123278,142769
327446,123155,142458
327554,123250,142697
327662,123407,143082
327769,123503,143328
327877,123270,142688
327984,122566,140967
328092,123008,142104
328200,123283,142837
328307,123165,142549
328415,123282,142834
328522,123435,143259
328631,123492,143394
328738,123333,142987
328846,122528,140946
328953,122893,141933
329061,123294,142960
329168,123179,142623
329276,123254,142865
329384,123400,143279
329491,123453,143455
329599,123322,143119
329706,122521,141075
329814,122879,142037
329921,123230,142976
330029,123102,142626
330137,123156,142834
330244,123295,143211
330352,123373,143440
330459,123168,142853
330567,122435,141003
330675,122887,142164
330783,123183,142928
330890,123066,142619
330998,123177,142938
331105,123294,143314
331213,123354,143456
331320,123179,142988
331428,122403,140979
331535,122815,142096
331643,123132,142911
331750,122948,142364
331858,123036,142687
331965,123225,143165
332073,123281,143374
332181,123281,143436
332288,122491,141335
332396,122548,141480
332503,123111,142973
332611,123166,143096
332718,123097,142946
332826,123254,143443
332934,123315,143622
333041,123341,143693
333149,123041,142896
333256,122431,141349
333364,122943,142715
333471,123161,143289
333680,123039,143555
333788,122919,143192
333895,123021,143509
334003,123124,143755
334110,123128,143707
334218,122351,141600
334326,122463,141954
334433,122957,143277
334540,122755,142802
334648,122531,142323
334756,122816,143050
334863,122989,143490
334971,122525,142264
335078,121972,140807
335186,122565,142353
335294,122802,142945
335401,122606,142499
335509,122767,143027
335616,122935,143472
335724,122878,143302
335831,121961,140857
335939,122187,141438
336046,122676,142762
336154,122528,142377
336262,122542,142438
336369,122730,142981
336477,122839,143304
336584,122416,142137
336692,121861,140684
336800,122418,142146
336907,122617,142710
337015,122507,142388
337122,122678,142864
337230,122822,143310
337338,122893,143568
337445,122326,142025
337553,122287,141964
337661,122731,143172
337768,122861,143492
337876,122941,143711
337983,122920,143685
338091,122909,143724
338199,122912,143744
338306,122649,143054
338414,122677,143158
338521,122814,143519
338629,122802,143474
338736,122797,143472
338844,122841,143625
338952,122859,143654
339059,122848,143649
339167,122574,142908
339274,122321,142295
339383,122649,143250
339490,122712,143386
339598,122663,143281
339705,122747,143535
339813,122807,143681
339920,122826,143740
340028,122763,143579
340135,122234,142120
340243,122537,142973
340351,122716,143521
340458,122649,143331
340566,122666,143375
340673,122750,143616
340781,122796,143764
340888,122785,143777
340996,122204,142171
341104,122349,142598
341211,122652,143443
341319,122604,143307
341427,122601,143305
341535,122695,143598
341642,122742,143678
341750,122730,143606
341857,122125,141927
341965,122217,142241
342072,122554,143211
342180,122534,143178
342288,122502,143110
342395,122630,143422
342503,122683,143580
342611,122683,143637
342718,122072,141968
342826,122072,142000
342933,122497,143172
343041,122523,143273
343148,122484,143197
343357,122442,143522
343464,122499,143696
343572,122527,143768
343680,122501,143691
343787,122009,142354
343895,122231,143045
344003,122421,143566
344110,122406,143499
344218,122397,143514
344326,122478,143695
344433,122499,143801
344541,122540,143870
344648,122169,142889
344756,122107,142818
344863,122392,143632
344971,122409,143661
345079,122347,143550
345186,122418,143734
345294,122464,143858
345402,122485,143925
345509,122357,143664
345617,121996,142755
345724,122167,143282
345832,122327,143675
345940,122316,143634
346047,122339,143707
346155,122380,143817
346263,122405,143880
346370,122389,143809
346478,121987,142811
346585,122087,143189
346693,122268,143613
346800,122223,143476
346908,122202,143413
347015,122289,143671
347123,122326,143790
347231,122301,143708
347338,121783,142273
347446,121939,142735
347553,122152,143351
347661,122122,143205
347768,122123,143224
347876,122250,143570
347985,122337,143804
348092,122220,143494
348200,121568,141687
348308,121918,142715
348415,122179,143415
348523,122103,143188
348630,122116,143276
348738,122166,143565
348845,122233,143741
348953,121942,142938
349060,121348,141359
349168,121925,142837
349275,122131,143339
349383,122003,143002
349491,122122,143289
349598,122241,143590
349706,122293,143695
349814,121888,142542
349921,121649,141996
350029,122135,143334
350137,122280,143685
350244,122238,143534
350352,122358,143833
350460,122436,144055
350567,122467,144169
350675,121905,142593
350782,121967,142779
350890,122364,143779
350997,122394,143890
351105,122392,143919
351212,122469,144079
351320,122523,144207
351428,122565,144243
351535,122159,143108
351643,122169,143199
351750,122440,144000
351858,122456,143988
351965,122438,143939
352073,122539,144176
352181,122596,144346
352289,122595,144357
352396,122329,143751
352504,122285,143752
352612,122418,144089
352719,122424,144089
352928,122419,144191
353035,122489,144337
353143,122326,143948
353250,122215,143666
353358,122406,144244
353466,122430,144287
353573,122379,144129
353681,122425,144240
353788,122465,144353
353896,122378,144133
354004,122111,143508
354111,122358,144187
354219,122444,144392
354326,122394,144274
354434,122422,144294
354542,122447,144356
354649,122303,143935
354757,121921,142960
354865,122089,143462
354972,122226,143832
355080,122194,143673
355187,122269,143809
355295,122344,144045
355403,122373,144044
355510,122001,143041
355618,122058,143237
355725,122266,143804
355833,122247,143822
355940,122230,143831
356048,122260,143969
356156,122262,143974
356263,121729,142522
356371,121656,142406
356478,121995,143495
356586,121927,143379
356694,121808,143008
356802,121932,143343
356910,122041,143629
357017,121701,142640
357125,121164,141247
357232,121623,142521
357340,121743,142794
357447,121654,142363
357555,121773,142720
357663,121933,143277
357770,121783,142880
357878,120809,140298
357985,121346,141682
358093,121815,142869
358200,121787,142685
358308,121899,143036
358415,121979,143329
358523,121996,143435
358630,121391,141735
358738,121375,141777
358846,121778,142871
358954,121758,142796
359061,121815,142894
359169,121956,143341
359276,121993,143451
359384,121917,143212
359491,121042,140849
359599,121316,141652
359706,121671,142567
359814,121624,142388
359921,121667,142591
360029,121830,143117
360136,121884,143243
360244,121927,143325
360352,121139,141184
360459,121095,141135
360567,121623,142549
360674,121738,142840
360782,121695,142688
360890,121817,143108
360998,121907,143355
361105,121895,143416
361213,121766,143007
361320,120993,140930
361428,121398,142082
361535,121706,142907
361643,121645,142715
361751,121707,142893
361858,121827,143258
361966,121873,143380
362073,121900,143428
362181,121305,141788
362288,121183,141521
362396,121671,142863
362605,121756,143436
362712,121714,143370
362820,121716,143411
362927,121777,143565
363035,121824,143685
363143,121629,143101
363250,121157,141737
363358,121575,143018
363466,121737,143374
363573,121645,143118
363681,121639,143123
363788,121731,143342
363896,121747,143388
364004,121035,141374
364111,121263,142017
364219,121668,143158
364326,121647,143097
364434,121615,143047
364542,121728,143370
364649,121770,143472
364757,121022,141383
364864,121152,141805
364972,121630,143099
365079,121584,142950
365187,121524,142840
365295,121707,143409
365403,121784,143679
365510,121133,141851
365618,121049,141708
365726,121587,143199
365833,121574,143080
365941,121541,143010
366049,121709,143459
366156,121745,143497
366264,120901,141146
366371,121129,141851
366479,121603,143211
366587,121554,143088
366694,121550,143111
366802,121675,143486
366909,121644,143328
367017,120705,140826
367124,121051,141845
367232,121500,143073
367340,121421,142773
367447,121460,142909
367555,121609,143326
367662,121400,142718
367770,120544,140447
367878,121149,142095
367985,121420,142831
368093,121260,142394
368201,121396,142796
368308,121541,143178
368416,121287,142404
368523,120590,140529
368631,121164,142156
368738,121379,142748
368846,121185,142172
368954,121293,142574
369061,121443,143005
369169,121179,142207
369276,120289,139784
369384,120834,141281
369492,121186,142232
369599,120978,141612
369707,121119,142066
369814,121309,142673
369922,121385,142862
370029,120506,140351
370137,120654,140799
370244,121192,142348
370352,121156,142270
370460,121207,142424
370567,121333,142783
370675,121373,142945
370782,121360,142908
370890,120386,140217
370998,120711,141135
371105,121169,142432
371213,121135,142272
371320,121226,142533
371428,121352,142908
371536,121382,143019
371644,121395,143041
371751,120690,141028
371859,120468,140414
371966,121164,142380
372074,121249,142606
