T3_warm_38p0C_no_light_trial1.csv: middle finger, warmed with warm water and dried before measurement. 
Initial finger temperature measured by the Terumo thermometer was approximately 40.0°C. No-light/covered condition, approximately 60 seconds.
time_ms, red, ir
2128041,1223,1215
2128147,2193,2546
2128254,41200,42670
2128362,27968,22970
2128469,9507,9044
2128576,20740,16220
2128683,22479,18176
2128790,16726,15600
2128898,49365,42347
2129005,89208,83535
2129112,107661,108832
2129220,117368,121343
2129328,117815,120912
2129436,121484,128152
2129544,123310,133682
2129652,123332,134536
2129759,123201,134779
2129867,122475,133186
2129975,117444,124244
2130083,89145,96429
2130190,22041,18902
2130298,5380,5408
2130404,3395,3631
2130511,3381,3665
2130618,3895,4116
2130725,3972,4204
2130832,4172,4396
2131040,3672,7945
2131146,3638,7874
2131253,3445,7571
2131360,3308,7309
2131467,3529,7653
2131574,3606,7795
2131680,3718,7926
2131787,3842,7873
2131895,7115,11279
2132002,16896,19267
2132109,8841,12615
2132216,9452,13051
2132323,6593,9398
2132430,4925,6759
2132537,5215,6246
2132644,7190,6998
2132751,7947,6870
2132858,6814,5801
2132964,7358,6173
2133071,9116,7465
2133178,9876,8005
2133285,10695,8546
2133392,11683,9196
2133499,11637,9155
2133606,11895,9411
2133713,12126,9598
2133820,11750,9353
2133927,11202,8922
2134034,10085,8112
2134141,10849,8684
2134249,11363,9123
2134356,11209,9110
2134463,12308,10149
2134570,12642,10515
2134678,12720,10579
2134785,12869,10681
2134893,12954,10736
2135000,13860,11385
2135107,14763,12111
2135214,14529,11931
2135322,14534,11821
2135429,14685,11775
2135536,17362,13285
2135644,28090,20422
2135751,63256,47827
2135858,105844,91697
2135966,115005,108904
2136074,120264,117098
2136182,123236,123196
2136289,122858,121745
2136397,124873,125480
2136505,124195,123908
2136613,127876,131311
2136721,129846,136387
2136829,131437,138904
2136937,132036,139762
2137045,131454,138762
2137153,130226,136809
2137260,130092,136806
2137368,129901,136516
2137476,129887,136703
2137584,130033,137236
2137692,130016,137343
2137799,130106,137606
2137907,130327,138262
2138015,130371,138619
2138123,130319,138607
2138231,129942,137818
2138338,129754,137501
2138447,129817,137819
2138555,129743,137795
2138663,129516,137599
2138771,129274,137461
2138879,129309,137517
2138987,129383,137533
2139095,129203,137048
2139202,129020,136587
2139310,129054,136709
2139418,129051,136717
2139526,128981,136607
2139633,128993,136668
2139741,129029,136740
2139849,129139,136964
2139957,128798,136226
2140065,128676,135982
2140173,128787,136327
2140280,128776,136364
2140388,128682,136232
2140497,128689,136273
2140705,127496,134154
2140813,127275,133675
2140921,127121,133330
2141029,127227,133610
2141137,127268,133751
2141244,127231,133700
2141352,127290,133869
2141460,127379,134080
2141568,127372,134142
2141676,127069,133429
2141784,126900,133070
2141891,126988,133276
2141999,126989,133311
2142107,126962,133274
2142215,127039,133465
2142323,127085,133634
2142430,127106,133717
2142538,126801,133035
2142646,126582,132552
2142754,126633,132693
2142862,126634,132705
2142970,126583,132606
2143078,126614,132697
2143186,126643,132810
2143293,126662,132873
2143401,126507,132575
2143509,126112,131685
2143617,126099,131675
2143725,126121,131742
2143832,126034,131558
2143940,126026,131585
2144048,126099,131742
2144156,126157,131911
2144264,126201,132036
2144372,125938,131485
2144479,125732,131029
2144587,125826,131230
2144696,125865,131320
2144804,125840,131322
2144912,125922,131549
2145019,126023,131797
2145127,126101,132010
2145235,126075,132000
2145343,125736,131246
2145451,125685,131176
2145559,125800,131430
2145666,125804,131459
2145774,125859,131652
2145882,125952,131923
2145990,125996,132060
2146098,126027,132167
2146205,125931,131960
2146313,125590,131193
2146421,125622,131246
2146529,125703,131451
2146636,125634,131308
2146745,125642,131282
2146853,125730,131470
2146961,125794,131656
2147069,125727,131551
2147176,125373,130735
2147284,125188,130351
2147392,125191,130397
2147500,125089,130179
2147608,125005,130015
2147716,124986,130001
2147823,124970,129970
2147931,124901,129841
2148039,124426,128747
2148147,124189,128249
2148255,124269,128432
2148363,124233,128379
2148470,124198,128349
2148578,124388,128821
2148687,124695,129513
2148795,124847,129881
2148903,124564,129245
2149011,124612,129385
2149118,124728,129687
2149226,124670,129576
2149334,124675,129560
2149442,124716,129650
2149550,124747,129732
2149658,124694,129637
2149765,124259,128636
2149873,124199,128414
2149981,124382,128819
2150089,124367,128843
2150298,123715,127520
2150406,123854,127843
2150513,124012,128195
2150621,124311,128894
2150729,124519,129376
2150838,124600,129585
2150946,124659,129726
2151054,124348,129007
2151161,124084,128373
2151269,124214,128673
2151377,124321,128905
2151485,124331,128934
2151593,124442,129206
2151701,124593,129564
2151809,124638,129731
2151916,124229,128803
2152024,124060,128422
2152132,124236,128813
2152240,124320,128995
2152348,124339,129076
2152456,124509,129459
2152564,124616,129766
2152671,124380,129348
2152779,124079,128680
2152888,124192,128944
2152996,124301,129167
2153103,124257,129052
2153211,124280,129126
2153319,124383,129347
2153427,124409,129432
2153534,124063,128647
2153642,123961,128440
2153750,124129,128855
2153858,124157,128934
2153966,124197,129039
2154073,124346,129395
2154181,124525,129852
2154289,124365,129478
2154397,124144,129001
2154505,124347,129444
2154613,124457,129706
2154721,124434,129678
2154828,124520,129873
2154937,124652,130207
2155044,124628,130154
2155152,124216,129238
2155260,124217,129225
2155368,124338,129531
2155476,124322,129504
2155584,124334,129536
2155692,124448,129808
2155800,124554,130075
2155907,124260,129430
2156015,123984,128838
2156123,124131,129167
2156231,124210,129336
2156339,124208,129374
2156447,124334,129653
2156555,124517,130059
2156662,124556,130138
2156770,124132,129125
2156878,124011,128888
2156986,124099,129093
2157094,124028,128944
2157202,123990,128880
2157310,124061,129016
2157417,124109,129154
2157525,123810,128455
2157633,123501,127774
2157741,123620,128078
2157849,123673,128229
2157956,123638,128199
2158064,123721,128403
2158172,123836,128682
2158280,123812,128633
2158388,123449,127752
2158496,123644,128226
2158604,123923,128854
2158711,123976,128976
2158819,124001,129049
2158928,124122,129313
2159036,124205,129517
2159144,123821,128631
2159252,123516,127955
2159359,123597,128146
2159467,123611,128183
2159575,123613,128236
2159683,123742,128489
2159892,126132,134004
2160000,125188,131750
2160108,124740,130664
2160215,124852,131007
2160323,124988,131327
2160431,125020,131344
2160539,125298,131946
2160647,126030,133478
2160755,126454,134312
2160863,126493,134409
2160971,125838,132832
2161079,126217,133789
2161187,126653,134920
2161296,126952,135627
2161403,127245,136357
2161511,127521,137023
2161619,127761,137415
2161727,127627,136940
2161835,127486,136565
2161943,127720,137300
2162051,127593,137079
2162158,127087,135829
2162266,127015,135668
2162374,127071,135854
2162482,127006,135766
2162590,126386,134226
2162698,126268,133979
2162806,126433,134400
2162914,126435,134422
2163021,126463,134490
2163130,127234,136387
2163237,127705,137543
2163345,127788,137785
2163454,126906,135566
2163561,126574,134830
2163669,126783,135437
2163777,126671,135185
2163885,126583,135068
2163993,127060,136210
2164101,127307,136936
2164209,127290,136965
2164317,126742,135367
2164425,126741,135201
2164533,127136,136266
2164641,127064,136234
2164748,126627,135498
2164856,126825,136132
2164964,127190,136958
2165073,127218,136879
2165181,126651,135392
2165289,126951,136646
2165397,127158,137179
2165505,127049,136765
2165613,126957,136481
2165721,127134,136868
2165829,127517,137820
2165936,127489,137614
2166044,127295,137038
2166152,127524,137764
2166260,127399,137477
2166368,127121,136690
2166476,127288,137101
2166584,127522,137782
2166692,127630,138009
2166800,127358,137152
2166908,127178,136741
2167016,127225,137021
2167124,127318,137267
2167232,127117,136813
2167340,127078,136736
2167448,127311,137348
2167556,126998,136525
2167664,126564,135495
2167772,126851,136306
2167880,126904,136529
2167988,126911,136561
2168096,127111,137149
2168204,127205,137402
2168312,126964,136832
2168420,126356,135237
2168528,126695,135997
2168636,127162,137196
2168743,127092,137064
2168851,127120,137191
2168959,127195,137388
2169068,127214,137447
2169176,126702,136007
2169284,126845,136313
2169493,126909,136697
2169601,127004,137025
2169708,127029,137093
2169816,126284,135133
2169924,126498,135630
2170032,126964,136872
2170140,126942,136823
2170248,126753,136377
2170356,126754,136417
2170464,126965,137038
2170572,126770,136514
2170680,126188,135009
2170788,126508,135803
2170895,126764,136460
2171003,126654,136226
2171111,126927,136997
2171219,127109,137497
2171327,127117,137543
2171435,126882,136882
2171543,126393,135603
2171651,126468,135902
2171759,126494,135983
2171867,126795,136730
2171975,127021,137316
2172083,127025,137379
2172191,127001,137351
2172299,126610,136268
2172407,126236,135312
2172515,126614,136327
2172623,126960,137218
2172731,126995,137313
2172839,127161,137788
2172947,127092,137722
2173055,126939,137369
2173163,126098,135227
2173271,126146,135365
2173379,126679,136803
2173487,126505,136273
2173595,126510,136276
2173703,126957,137434
2173811,127128,137913
2173919,126824,137160
2174027,126120,135382
2174135,126066,135400
2174243,126372,136331
2174351,126220,135989
2174459,125988,135440
2174567,125931,135370
2174674,125641,134850
2174783,125476,134354
2174890,125370,133964
2174998,125884,135180
2175107,126240,136071
2175215,126218,136035
2175323,126200,136007
2175431,126503,136835
2175539,126729,137402
2175647,126156,135869
2175755,125728,134806
2175863,126067,135676
2175971,126142,135850
2176079,125972,135457
2176187,126190,135966
2176294,126521,136808
2176402,126595,136995
2176510,125947,135294
2176618,126117,135746
2176726,126533,136863
2176834,126318,136244
2176942,126372,136391
2177050,126670,137223
2177158,126705,137403
2177266,126588,137104
2177374,126035,135614
2177484,126330,136501
2177592,126737,137570
2177700,126771,137671
2177807,126815,137788
2177915,126971,138208
2178023,127121,138516
2178131,126740,137473
2178239,126706,137459
2178347,127126,138386
2178455,127164,138475
2178563,127067,138211
2178671,127070,138176
2178779,127109,138296
2178887,126858,137532
2179096,127449,138594
2179204,127364,138468
2179312,127306,138390
2179420,126686,136690
2179528,126143,135363
2179636,126319,135891
2179744,126403,136099
2179851,126418,136186
2179959,126448,136331
2180067,126456,136403
2180175,126296,136077
2180283,125735,134626
2180391,125750,134691
2180499,126135,135724
2180607,126099,135620
2180715,125958,135291
2180823,126110,135699
2180931,126254,136132
2181039,126365,136447
2181147,125946,135295
2181255,125648,134530
2181363,126087,135640
2181471,126162,135868
2181579,125914,135246
2181687,126055,135575
2181795,126129,135798
2181903,126158,135910
2182011,126111,135816
2182119,125497,134326
2182227,125384,134077
2182335,125584,134583
2182443,125522,134421
2182551,125411,134211
2182659,125504,134461
2182767,125717,134995
2182875,126072,135814
2182983,126166,135955
2183091,125546,134356
2183199,125675,134767
2183307,125828,135257
2183415,125671,134871
2183522,125688,134888
2183630,125979,135687
2183738,126000,135780
2183846,125935,135657
2183954,125473,134468
2184062,125363,134190
2184170,125668,135002
2184278,125707,135101
2184386,125593,134840
2184494,125848,135512
2184602,125929,135710
2184710,125908,135692
2184818,125567,134801
2184926,125284,134119
2185034,125504,134646
2185142,125596,134904
2185250,125539,134762
2185358,125952,135860
2185466,126276,136739
2185574,126304,136778
2185682,125606,134982
2185790,125354,134349
2185898,125631,135109
2186006,125569,135007
2186114,125424,134590
2186222,125419,134662
2186330,125451,134801
2186438,125446,134763
2186546,125139,133958
2186654,125390,134560
2186762,125479,134833
2186870,125288,134403
2186978,125316,134503
2187086,125450,134860
2187195,125547,135096
2187303,125102,133987
2187410,124989,133783
2187518,125131,134160
2187626,125139,134190
2187734,125172,134254
2187842,125162,134316
2187950,124982,134030
2188057,124660,133286
2188165,124560,133007
2188274,124863,133702
2188381,124902,133834
2188590,125735,136099
2188698,125539,135521
2188806,124990,134084
2188914,125120,134482
2189022,125242,134875
2189130,125230,134777
2189239,125314,135017
2189347,125382,135267
2189455,125650,135962
2189563,125629,135852
2189671,125112,134403
2189779,125688,135889
2189887,125944,136608
2189995,125776,136167
2190103,125648,135927
2190211,125510,135673
2190318,125673,136155
2190426,125497,135689
2190534,124856,134007
2190642,125073,134587
2190750,125304,135200
2190858,125148,134862
2190966,125266,135159
2191074,125433,135624
2191182,125505,135852
2191290,125151,134924
2191398,124707,133771
2191506,125040,134703
2191614,125346,135505
2191722,125045,134739
2191829,124983,134592
2191937,125056,134847
2192045,125201,135228
2192153,124724,133958
2192261,124683,133825
2192369,125028,134735
2192477,124893,134428
2192585,124818,134258
2192693,125058,134852
2192801,125300,135465
2192909,124806,134182
2193017,124485,133413
2193125,124789,134180
2193233,124932,134540
2193341,124778,134158
2193449,124822,134307
2193557,125002,134810
2193665,124805,134288
2193773,124388,133224
2193881,124667,133894
2193989,124951,134604
2194097,124709,134034
2194205,124698,134035
2194312,124972,134743
2194420,124998,134786
2194528,124462,133376
2194636,124620,133830
2194744,124847,134424
2194852,124770,134241
2194960,124719,134148
2195068,124790,134355
2195177,124999,134918
2195284,124715,134160
2195392,124412,133355
2195500,124607,133850
2195608,124638,133943
2195715,124614,133913
2195823,124883,134584
2195931,125042,135035
2196039,125069,135109
2196147,124734,134255
2196255,124313,133159
2196362,124507,133639
2196470,124621,134001
2196578,124575,133870
2196686,124669,134167
2196794,125039,135159
2196901,125310,135853
2197009,125366,135944
2197117,124690,134054
2197226,124139,133125
2197334,118651,121353
